promotion_shown,oracle_mean_reward
no_discount,1.777921
discount_5,1.712477
discount_10,1.9011373333333335
discount_15,1.5024356666666667
bundle,1.6121956666666668
